{"v":"5.7.11","fr":24,"ip":0,"op":96,"w":1080,"h":440,"nm":"Typo","ddd":0,"assets":[],"fonts":{"list":[{"fName":"ChunkFive-Regular","fFamily":"ChunkFive","fStyle":"Regular","ascent":75},{"fName":"SpriteGraffiti-Regular","fFamily":"Sprite Graffiti","fStyle":"Regular","ascent":66.9988404028118}]},"layers":[{"ddd":0,"ind":1,"ty":5,"nm":"Welcome!","sr":1,"ks":{"o":{"a":1,"k":[{"i":{"x":[0.833],"y":[1]},"o":{"x":[0.167],"y":[0]},"t":11,"s":[0]},{"i":{"x":[0.667],"y":[1]},"o":{"x":[0.167],"y":[0]},"t":15,"s":[100]},{"i":{"x":[0.667],"y":[1]},"o":{"x":[0.333],"y":[0]},"t":90,"s":[100]},{"t":95,"s":[0]}],"ix":11},"r":{"a":1,"k":[{"i":{"x":[0],"y":[1.063]},"o":{"x":[0.363],"y":[-0.237]},"t":13,"s":[0]},{"i":{"x":[0.833],"y":[1]},"o":{"x":[0.726],"y":[11.077]},"t":18,"s":[-7]},{"t":68,"s":[-4]}],"ix":10},"p":{"a":0,"k":[539.208,368.299,0],"ix":2,"l":2},"a":{"a":0,"k":[0,0,0],"ix":1,"l":2},"s":{"a":0,"k":[82.548,82.548,100],"ix":6,"l":2}},"ao":0,"t":{"d":{"k":[{"s":{"s":287,"f":"SpriteGraffiti-Regular","t":"Welcome!","ca":0,"j":2,"tr":0,"lh":344.4,"ls":0,"fc":[0.946,0.629,0]},"t":0}]},"p":{},"m":{"g":1,"a":{"a":0,"k":[0,0],"ix":2}},"a":[]},"ip":0,"op":1681,"st":0,"bm":0},{"ddd":0,"ind":2,"ty":5,"nm":"You ’re","sr":1,"ks":{"o":{"a":1,"k":[{"i":{"x":[0.587],"y":[0.931]},"o":{"x":[0.243],"y":[0]},"t":0,"s":[0]},{"i":{"x":[0.692],"y":[1]},"o":{"x":[0.262],"y":[48.473]},"t":7,"s":[100]},{"i":{"x":[0.667],"y":[1]},"o":{"x":[0.333],"y":[0]},"t":85,"s":[100]},{"t":88,"s":[0]}],"ix":11},"r":{"a":0,"k":0,"ix":10},"p":{"a":0,"k":[539.208,185.299,0],"ix":2,"l":2},"a":{"a":0,"k":[0,0,0],"ix":1,"l":2},"s":{"a":0,"k":[82.548,82.5,100],"ix":6,"l":2}},"ao":0,"t":{"d":{"k":[{"s":{"s":168,"f":"ChunkFive-Regular","t":"YOU ’RE","ca":1,"j":2,"tr":0,"lh":201.6,"ls":0,"fc":[0.897,0,0]},"t":0}]},"p":{},"m":{"g":1,"a":{"a":0,"k":[0,0],"ix":2}},"a":[{"nm":"Animator 1","s":{"t":0,"xe":{"a":0,"k":0,"ix":7},"ne":{"a":0,"k":0,"ix":8},"a":{"a":0,"k":100,"ix":4},"b":1,"rn":0,"sh":1,"r":1},"a":{"t":{"a":1,"k":[{"i":{"x":[0.833],"y":[0.833]},"o":{"x":[0.167],"y":[0.167]},"t":0,"s":[41]},{"t":6,"s":[0]}],"ix":89}}},{"nm":"Animator 2","s":{"t":0,"xe":{"a":0,"k":0,"ix":7},"ne":{"a":0,"k":0,"ix":8},"a":{"a":0,"k":100,"ix":4},"b":1,"rn":0,"sh":1,"r":1},"a":{"a":{"a":0,"k":[0,0,0],"ix":1},"p":{"a":1,"k":[{"i":{"x":0.833,"y":0.833},"o":{"x":0.167,"y":0.167},"t":0,"s":[0,102,0],"to":[0,0,0],"ti":[0,0,0]},{"i":{"x":0.833,"y":0.833},"o":{"x":0.167,"y":0.167},"t":9,"s":[0,102,0],"to":[0,-20,0],"ti":[0,20,0]},{"t":12,"s":[0,-18,0]}],"ix":2},"s":{"a":0,"k":[100,100,100],"ix":3},"sk":{"a":0,"k":0,"ix":4},"sa":{"a":0,"k":0,"ix":5},"r":{"a":0,"k":0,"ix":8},"o":{"a":0,"k":100,"ix":9}}}]},"ip":0,"op":1681,"st":0,"bm":0}],"markers":[],"chars":[{"ch":"Y","size":168,"style":"Regular","w":66.9,"data":{"shapes":[{"ty":"gr","it":[{"ind":0,"ty":"sh","ix":1,"ks":{"a":0,"k":{"i":[[0,0],[0.604,1.913],[0,0],[0,0],[0,0],[0,0],[0,0],[0,0],[0,0],[0,0],[0,0],[0,0],[0,0],[0,0],[0,0],[0,0],[0,0],[0,0],[0,0],[0,0],[0,0],[0,0],[0,0],[0.403,-2.014]],"o":[[-0.403,-1.712],[0,0],[0,0],[0,0],[0,0],[0,0],[0,0],[0,0],[0,0],[0,0],[0,0],[0,0],[0,0],[0,0],[0,0],[0,0],[0,0],[0,0],[0,0],[0,0],[0,0],[0,0],[-1.108,2.417],[0,0]],"v":[[37.161,-38.672],[34.039,-46.829],[28.198,-57.504],[33.435,-57.504],[33.435,-70.395],[-1.007,-70.395],[-1.007,-57.504],[3.928,-57.504],[23.465,-24.976],[23.465,-13.092],[17.725,-13.092],[17.725,0],[49.951,0],[49.951,-13.092],[44.312,-13.092],[44.312,-24.774],[62.943,-57.504],[68.381,-57.504],[68.381,-70.395],[41.29,-70.395],[41.29,-57.504],[46.829,-57.504],[41.29,-47.333],[37.564,-38.672]],"c":true},"ix":2},"nm":"Y","mn":"ADBE Vector Shape - Group","hd":false}],"nm":"Y","np":3,"cix":2,"bm":0,"ix":1,"mn":"ADBE Vector Group","hd":false}]},"fFamily":"ChunkFive"},{"ch":"O","size":168,"style":"Regular","w":74,"data":{"shapes":[{"ty":"gr","it":[{"ind":0,"ty":"sh","ix":1,"ks":{"a":0,"k":{"i":[[-21.048,0],[0,22.76],[24.673,0],[0,-21.753]],"o":[[22.76,0],[0,-22.659],[-20.847,0],[0,25.177]],"v":[[37.564,1.813],[73.013,-34.845],[36.859,-72.308],[1.511,-35.55]],"c":true},"ix":2},"nm":"O","mn":"ADBE Vector Shape - Group","hd":false},{"ind":1,"ty":"sh","ix":2,"ks":{"a":0,"k":{"i":[[6.345,0],[0,13.193],[-6.143,-0.101],[0,-12.186]],"o":[[-6.445,0],[0,-12.488],[7.755,0],[0,12.488]],"v":[[37.564,-13.998],[26.385,-35.55],[36.758,-56.799],[47.836,-34.845]],"c":true},"ix":2},"nm":"O","mn":"ADBE Vector Shape - Group","hd":false}],"nm":"O","np":5,"cix":2,"bm":0,"ix":1,"mn":"ADBE Vector Group","hd":false}]},"fFamily":"ChunkFive"},{"ch":"U","size":168,"style":"Regular","w":73.7,"data":{"shapes":[{"ty":"gr","it":[{"ind":0,"ty":"sh","ix":1,"ks":{"a":0,"k":{"i":[[0,0],[0,0],[0,0],[-19.94,0],[0,23.868],[0,0],[0,0],[0,0],[0,0],[0,0],[0,0],[0,0],[6.244,0],[0,16.516],[0,0],[0,0],[0,0],[0,0]],"o":[[0,0],[0,0],[0,23.868],[19.94,0],[0,0],[0,0],[0,0],[0,0],[0,0],[0,0],[0,0],[0,16.516],[-6.244,0],[0,0],[0,0],[0,0],[0,0],[0,0]],"v":[[1.511,-57.303],[7.15,-57.303],[7.15,-32.73],[38.168,1.712],[67.273,-32.73],[67.273,-57.404],[72.711,-57.404],[72.711,-70.395],[42.902,-70.395],[42.902,-57.101],[48.34,-57.101],[48.34,-35.751],[38.168,-16.013],[28.098,-35.751],[28.098,-57.404],[33.536,-57.404],[33.536,-70.395],[1.511,-70.395]],"c":true},"ix":2},"nm":"U","mn":"ADBE Vector Shape - Group","hd":false}],"nm":"U","np":3,"cix":2,"bm":0,"ix":1,"mn":"ADBE Vector Group","hd":false}]},"fFamily":"ChunkFive"},{"ch":" ","size":168,"style":"Regular","w":25,"data":{},"fFamily":"ChunkFive"},{"ch":"’","size":168,"style":"Regular","w":25.5,"data":{"shapes":[{"ty":"gr","it":[{"ind":0,"ty":"sh","ix":1,"ks":{"a":0,"k":{"i":[[5.338,0],[0,-5.438],[-3.625,-1.511],[2.518,-2.618],[0,0],[0,10.373]],"o":[[-5.438,0],[0,4.028],[2.417,1.712],[0,0],[3.122,-2.417],[0,-5.438]],"v":[[12.891,-79.459],[3.021,-69.589],[9.164,-60.526],[7.251,-50.555],[11.581,-47.836],[22.659,-69.589]],"c":true},"ix":2},"nm":"’","mn":"ADBE Vector Shape - Group","hd":false}],"nm":"’","np":3,"cix":2,"bm":0,"ix":1,"mn":"ADBE Vector Group","hd":false}]},"fFamily":"ChunkFive"},{"ch":"R","size":168,"style":"Regular","w":73.7,"data":{"shapes":[{"ty":"gr","it":[{"ind":0,"ty":"sh","ix":1,"ks":{"a":0,"k":{"i":[[0,0],[0,0],[0,0],[0,0],[0,0],[0,0],[0,0],[0,0],[0,0],[0,-9.164],[-13.193,0],[0,8.359],[0,0],[0,0],[0,0],[1.511,0],[0,4.33],[6.949,1.007],[0,7.855],[23.364,0],[0,0]],"o":[[0,0],[0,0],[0,0],[0,0],[0,0],[0,0],[0,0],[0,0],[8.963,0],[0,11.783],[11.179,0],[0,0],[0,0],[0,0],[0,2.014],[-1.813,0],[0,-7.251],[8.359,-1.208],[0,-11.481],[0,0],[0,0]],"v":[[2.518,-57.202],[8.157,-57.202],[8.157,-13.293],[2.518,-13.293],[2.518,0],[35.046,0],[35.046,-13.293],[28.903,-13.293],[28.903,-28.903],[38.974,-17.523],[58.511,1.208],[73.215,-14.905],[73.215,-20.444],[66.467,-20.444],[66.467,-17.12],[64.151,-13.898],[61.734,-20.746],[48.541,-35.046],[63.144,-49.649],[35.248,-70.395],[2.518,-70.395]],"c":true},"ix":2},"nm":"R","mn":"ADBE Vector Shape - Group","hd":false},{"ind":1,"ty":"sh","ix":2,"ks":{"a":0,"k":{"i":[[0,0],[0,-5.942],[5.841,0],[0,0],[0,0]],"o":[[5.841,0],[0,5.338],[0,0],[0,0],[0,0]],"v":[[33.939,-57.303],[43.103,-48.34],[33.435,-40.182],[28.903,-40.182],[28.903,-57.303]],"c":true},"ix":2},"nm":"R","mn":"ADBE Vector Shape - Group","hd":false}],"nm":"R","np":5,"cix":2,"bm":0,"ix":1,"mn":"ADBE Vector Group","hd":false}]},"fFamily":"ChunkFive"},{"ch":"E","size":168,"style":"Regular","w":65.3,"data":{"shapes":[{"ty":"gr","it":[{"ind":0,"ty":"sh","ix":1,"ks":{"a":0,"k":{"i":[[0,0],[0,0],[0,0],[0,0],[0,0],[0,0],[0,0],[0,0],[0,0],[0,0],[0,0],[0,0],[0,0],[0,0],[0,0],[0,0],[0,0],[0,0],[0,0],[0,0]],"o":[[0,0],[0,0],[0,0],[0,0],[0,0],[0,0],[0,0],[0,0],[0,0],[0,0],[0,0],[0,0],[0,0],[0,0],[0,0],[0,0],[0,0],[0,0],[0,0],[0,0]],"v":[[2.518,-57.101],[8.862,-57.101],[8.862,-13.394],[2.518,-13.394],[2.518,0],[63.245,0],[63.245,-22.76],[45.822,-22.76],[45.822,-13.394],[29.709,-13.394],[29.709,-29.81],[48.843,-29.81],[48.843,-43.204],[29.709,-43.204],[29.709,-57.101],[45.822,-57.101],[45.822,-48.138],[63.245,-48.138],[63.245,-70.395],[2.518,-70.395]],"c":true},"ix":2},"nm":"E","mn":"ADBE Vector Shape - Group","hd":false}],"nm":"E","np":3,"cix":2,"bm":0,"ix":1,"mn":"ADBE Vector Group","hd":false}]},"fFamily":"ChunkFive"},{"ch":"W","size":287,"style":"Regular","w":67,"data":{"shapes":[{"ty":"gr","it":[{"ind":0,"ty":"sh","ix":1,"ks":{"a":0,"k":{"i":[[0,0.467],[0,4.067],[3.466,18.6],[0.066,-0.033],[0,-0.066],[-0.2,-6.6],[0,0],[0,0],[0.966,1],[1.466,0],[1.1,-1.066],[-0.067,-1.4],[-0.6,-5.4],[-0.2,-2.866],[0,0],[5.6,8],[1.133,1.667],[1.733,0.934],[0.333,-0.533],[0.533,0],[0.2,-0.066],[0.433,-0.7],[0.033,-1.133],[0,-0.333],[-0.4,-3.866],[0,-3.066],[0.266,-2.466],[0.333,-1.533],[0.133,0.467],[0.933,10.534],[0.4,1.467],[0.466,1.2],[0.633,0.434],[0.666,0],[0.3,-0.266],[0,-0.466],[-0.067,0],[0,0.067],[-0.467,0],[-0.434,-0.366],[-0.134,-0.4],[-0.134,-1.066],[-0.134,-0.4],[2,1],[0.6,0],[0.566,-0.766],[-0.134,-1.066],[0,0],[0,0],[-0.934,-5.333],[-0.534,-0.4],[-0.7,-0.533],[-0.934,0],[-0.6,0.5],[-0.334,0.867],[0,0],[-0.934,-0.6],[-0.134,0.267],[-0.767,1.7],[-1.067,2.6],[-1,4.8],[-0.8,4.8],[-1.067,-1.466],[-1.867,-3.133],[-2.467,-6.533],[-0.834,-0.566],[-0.867,0],[-0.8,0.6],[-0.267,1.6],[0,0],[0,0],[-0.3,-0.266],[-0.4,0],[-0.3,0.267]],"o":[[0.133,-2],[0,-14.133],[-0.067,-0.066],[-0.067,0.034],[0.466,5.134],[0,0],[0,0],[-0.134,-1.533],[-0.967,-1],[-1.467,0],[-1.1,1.067],[0.4,5.134],[0.533,5],[0,0],[-3.867,-8.2],[-1.534,-2.8],[-1.134,-1.666],[-0.467,0.4],[-0.667,-0.333],[-0.4,0],[-0.934,0.4],[-0.434,0.7],[-0.034,1.134],[0,1.934],[0.266,2.4],[0,3],[-0.4,3.067],[-0.267,-0.266],[-0.8,-5.333],[-0.667,-2.933],[-0.934,-3.733],[-0.334,-0.866],[-0.634,-0.433],[-0.467,0],[-0.3,0.267],[0,0.067],[0.066,0],[0.2,-0.6],[0.4,0],[0.433,0.367],[0.2,0.534],[0,0.267],[-1.334,-1.866],[-0.534,-0.266],[-0.934,0],[-0.567,0.767],[0,0],[0,0],[1.2,10.467],[0.066,0.667],[0.2,0.867],[0.7,0.534],[0.866,0],[0.6,-0.5],[0,0],[0,1.067],[0.2,0.134],[1.133,-1.466],[0.766,-1.7],[1.333,-3.866],[0.533,-2.333],[0.6,0.734],[2.266,3.2],[4,6.734],[0.333,0.934],[0.833,0.567],[0.8,0],[1.8,-0.466],[0,0],[0,0],[0.066,0.467],[0.3,0.267],[0.4,0],[0.3,-0.266]],"v":[[63.7,-6.4],[63.9,-15.5],[58.7,-64.6],[58.5,-64.65],[58.4,-64.5],[59.4,-46.9],[59,-46.8],[57.5,-61.1],[55.85,-64.9],[52.2,-66.4],[48.35,-64.8],[46.8,-61.1],[48.3,-45.3],[49.4,-33.5],[50,-28],[35.8,-52.3],[31.8,-59],[27.5,-62.9],[26.3,-61.5],[24.5,-62],[23.6,-61.9],[21.55,-60.25],[20.85,-57.5],[20.8,-55.3],[21.4,-46.6],[21.8,-38.4],[21.4,-30.2],[20.3,-23.3],[19.7,-24.4],[17.1,-48.2],[15.5,-54.8],[13.4,-62.2],[11.95,-64.15],[10,-64.8],[8.85,-64.4],[8.4,-63.3],[8.5,-63.2],[8.6,-63.3],[9.6,-64.2],[10.85,-63.65],[11.7,-62.5],[12.2,-60.1],[12.4,-59.1],[7.4,-63.4],[5.7,-63.8],[3.45,-62.65],[2.8,-59.9],[6.5,-32.5],[7,-28.3],[10.2,-4.6],[11.1,-3],[12.45,-0.9],[14.9,-0.1],[17.1,-0.85],[18.5,-2.9],[19.2,-4.7],[20.6,-2.2],[21.1,-2.4],[23.95,-7.15],[26.7,-13.6],[30.2,-26.6],[32.2,-37.3],[34.7,-34],[40.9,-24.5],[50.6,-4.6],[52.35,-2.35],[54.9,-1.5],[57.3,-2.4],[60.4,-5.5],[60.6,-6.7],[60.6,-6.4],[61.15,-5.3],[62.2,-4.9],[63.25,-5.3]],"c":true},"ix":2},"nm":"W","mn":"ADBE Vector Shape - Group","hd":false},{"ind":1,"ty":"sh","ix":2,"ks":{"a":0,"k":{"i":[[0.066,-0.066],[-0.134,0.2],[-1.067,2.867],[1.333,-4.266],[0,0],[0,0.667],[0,0],[0.033,0.034]],"o":[[0.133,-0.533],[1.8,-3],[-0.467,2.134],[0,0],[-0.734,-0.333],[0,0],[0,-0.066],[-0.034,-0.033]],"v":[[19.3,-4.9],[19.7,-6],[24,-14.8],[21.3,-5.2],[20.6,-3],[19.5,-4.5],[19.5,-4.8],[19.45,-4.95]],"c":true},"ix":2},"nm":"W","mn":"ADBE Vector Shape - Group","hd":false}],"nm":"W","np":5,"cix":2,"bm":0,"ix":1,"mn":"ADBE Vector Group","hd":false}]},"fFamily":"Sprite Graffiti"},{"ch":"e","size":287,"style":"Regular","w":60,"data":{"shapes":[{"ty":"gr","it":[{"ind":0,"ty":"sh","ix":1,"ks":{"a":0,"k":{"i":[[3,-1.6],[0,-0.133],[-0.067,-0.066],[-2,0.6],[-3,0.767],[-4.534,1],[-4.6,1.2],[0.6,-0.066],[5.466,-1.066],[0,0],[3.4,-1.166]],"o":[[-0.067,0.067],[0,0.134],[2.466,-1.133],[2.933,-1],[3,-0.766],[3.266,-0.733],[-1.2,0],[-2.867,0.2],[0,0],[-4.334,1.134],[-3.4,1.167]],"v":[[2.3,-52.8],[2.2,-52.5],[2.3,-52.2],[9,-54.8],[17.9,-57.45],[29.2,-60.1],[41,-63],[38.3,-62.9],[25.8,-61],[23.5,-60.4],[11.9,-56.95]],"c":true},"ix":2},"nm":"e","mn":"ADBE Vector Shape - Group","hd":false},{"ind":1,"ty":"sh","ix":2,"ks":{"a":0,"k":{"i":[[-0.134,0.6],[0.066,1.734],[1.233,2.634],[2.733,0],[0.8,-0.133],[0.533,-0.233],[0.533,-0.133],[0,0],[3.2,-1.2],[2,-0.8],[0,0],[1.466,-0.666],[0,0],[0,0],[0,0],[-1.534,0.667],[-5.334,1.467],[-2.6,0.4],[-1.067,0.134],[-0.934,0.134],[-0.8,0.4],[-0.5,0.767],[0,0.867],[0.333,0.634],[0.533,0.267],[0,0],[0.266,0.534],[0,0],[1.033,0.3],[1.533,-0.066],[0.866,-0.133],[0,0],[2.733,-0.666],[7.866,-3.4],[0,0],[0,0],[0,0],[-3.4,1.134],[-3.6,1.067],[-3,0.867],[-0.267,0.134],[-2.6,0.867],[0,0],[0,0.467],[0.533,1.6],[0,0],[0,0],[0.933,0.134],[3.533,-0.8],[4.866,-1.666],[1.866,-0.8],[0,0],[0,-2.266],[-1.067,-1.2],[0,0],[0,0],[0,0],[-0.334,-1.8],[0,-0.666],[-0.667,-0.966],[-1,-0.4],[-0.2,-0.4],[-1.4,0],[-0.267,0.066],[0,0],[-1.7,0.566],[-0.534,0.333],[0,0],[0,0],[0,0],[0,0],[-4.534,1.6],[-7.8,1.467]],"o":[[1.333,-1],[-0.267,-3.466],[-1.234,-2.633],[-0.4,0],[-0.534,0.134],[-0.534,0.234],[0,0],[-1.6,0.534],[-1,0.334],[0,0],[-2.934,1.2],[0,0],[0,0],[0,0],[4.066,-2],[4.133,-1.733],[2.266,-0.6],[0.466,-0.133],[0.2,0],[0.933,-0.133],[0.8,-0.4],[0.5,-0.766],[0,-0.666],[-0.334,-0.633],[0,0],[-0.067,-0.266],[0,0],[-0.6,-1.066],[-1.034,-0.3],[-1.467,0.134],[0,0],[-3.734,1.067],[-3.334,1.2],[0,0],[0,0],[0,0],[2.933,-1.266],[0.533,-0.266],[3.6,-1.066],[0.133,0],[1.933,-0.466],[0,0],[0.133,-0.8],[0,-1.266],[0,0],[0,0],[-0.4,-0.133],[-6.934,1.867],[-8.6,1.8],[-2.4,0.8],[0,0],[-1.667,1.334],[0,1.6],[0,0],[0,0],[0,0],[0.266,3.734],[-0.134,0.334],[0,1.067],[0.666,0.967],[-0.134,0.533],[0.533,1.066],[0.6,0],[0,0],[0.6,-0.134],[1.7,-0.567],[0,0],[0,0],[0,0],[0,0],[2.2,-0.933],[6.8,-2.4],[0.533,-0.066]],"v":[[58.4,-12.1],[60.3,-16.2],[58.05,-25.35],[52.1,-29.3],[50.3,-29.1],[48.7,-28.55],[47.1,-28],[43.2,-26.8],[36,-24.2],[31.5,-22.5],[23,-19.2],[16.4,-16.4],[16.1,-16.2],[16.1,-16.6],[15.5,-23.1],[23.9,-27.1],[38.1,-31.9],[45.4,-33.4],[47.7,-33.8],[49.4,-34],[52,-34.8],[53.95,-36.55],[54.7,-39],[54.2,-40.95],[52.9,-42.3],[52.7,-42.4],[52.2,-43.6],[51.8,-44.4],[49.35,-46.45],[45.5,-46.8],[42,-46.4],[40.7,-46.1],[31,-43.5],[14.2,-36.6],[13.8,-39.3],[13.5,-41.7],[13.7,-41.9],[23.2,-45.5],[29.4,-47.5],[39.3,-50.4],[39.9,-50.6],[46.7,-52.6],[51.7,-54.1],[51.9,-56],[51.1,-60.3],[49.5,-61.6],[47.9,-62.2],[45.9,-62.6],[30.2,-58.6],[10,-53.4],[3.6,-51],[3.2,-50.2],[0.7,-44.8],[2.3,-40.6],[3.5,-29.2],[4.7,-17.2],[4.9,-15],[5.8,-6.7],[5.6,-5.2],[6.6,-2.15],[9.1,-0.1],[9.2,1.3],[12.1,2.9],[13.4,2.8],[14.4,2.7],[17.85,1.65],[21.2,0.3],[21.3,0.2],[24.6,-1.2],[25.3,-1.5],[25.4,-1.5],[35.5,-5.3],[57.4,-11.1]],"c":true},"ix":2},"nm":"e","mn":"ADBE Vector Shape - Group","hd":false},{"ind":2,"ty":"sh","ix":3,"ks":{"a":0,"k":{"i":[[0,0],[0,0],[0,0],[0,0],[2.6,-1.333],[-0.2,1.134],[-3.134,0.934]],"o":[[0,0],[0,0],[0,0],[-5.467,2.134],[0.866,-0.733],[0.733,-0.2],[0,0]],"v":[[34.2,-33.3],[34.3,-33],[32.6,-32.3],[29.6,-31.1],[17.5,-25.9],[19.1,-28.7],[24.9,-30.4]],"c":true},"ix":2},"nm":"e","mn":"ADBE Vector Shape - Group","hd":false},{"ind":3,"ty":"sh","ix":4,"ks":{"a":0,"k":{"i":[[0.333,0.066],[-1.2,0.466],[-0.467,0.134],[-2.4,0.934],[0,0],[0,0],[0,0],[0.133,0],[1.466,0]],"o":[[1,-0.267],[1.2,-0.466],[1.266,-0.4],[0,0],[0,0],[0,0],[-0.067,0.066],[-0.267,0.133],[-0.667,0]],"v":[[12.1,1.3],[15.4,0.2],[17.9,-0.7],[23.4,-2.7],[23.4,-2.5],[18.8,-0.1],[16.5,1.1],[16.2,1.2],[13.6,1.4]],"c":true},"ix":2},"nm":"e","mn":"ADBE Vector Shape - Group","hd":false}],"nm":"e","np":7,"cix":2,"bm":0,"ix":1,"mn":"ADBE Vector Group","hd":false}]},"fFamily":"Sprite Graffiti"},{"ch":"l","size":287,"style":"Regular","w":47,"data":{"shapes":[{"ty":"gr","it":[{"ind":0,"ty":"sh","ix":1,"ks":{"a":0,"k":{"i":[[-2.467,-0.2],[-0.767,0.834],[0,1.067],[0.333,0.667],[0,0],[0,0.4],[1.466,1.067],[2.066,0.134],[0.633,-0.033],[0.466,0],[0,0],[4.533,-1.133],[0,0],[0,0],[0,0],[0,0],[0.4,5.267],[0.333,3.134],[0.166,1.567],[0.4,1.634],[1,1.334],[0.133,-0.066],[-0.067,-0.133],[-0.134,-2.666],[0.066,-1.733],[0,0],[0.733,3.6],[1.066,0.267],[0.866,0.067],[0.466,0],[0.933,-0.866],[-0.134,-1.4],[-0.934,-9.866],[0,0],[-0.334,-2.8],[0,0],[0.133,-3.466],[0,0],[-0.834,-0.766],[-1.134,0],[-0.2,0.066],[-8.867,0]],"o":[[1.066,0.067],[0.766,-0.833],[0,-0.533],[0,0],[0.133,-0.666],[0,-1.2],[-0.867,-0.666],[-0.867,-0.066],[-0.634,0.034],[0,0],[-5.2,0.134],[0,0],[0,0],[0,0],[0,0],[-0.2,-5.333],[-0.534,-7],[-0.067,-0.6],[-0.167,-1.566],[-0.4,-1.633],[-0.067,-0.133],[-0.134,0.067],[0.866,1.6],[0.2,3.467],[0,0],[-0.467,-3.6],[-0.667,-0.466],[-1,-0.533],[-0.2,-0.066],[-1.4,0],[-0.934,0.867],[0.333,4.934],[0,0],[0.733,6.667],[0,0],[0,1.734],[0,0],[-0.067,1.134],[0.833,0.766],[0.4,0],[8.8,-2.333],[2.533,0]],"v":[[44.4,-2.9],[47.15,-4.05],[48.3,-6.9],[47.8,-8.7],[46.6,-10.3],[46.8,-11.9],[44.6,-15.3],[40.2,-16.5],[37.95,-16.55],[36.3,-16.5],[34.3,-16.5],[19.7,-14.6],[19.8,-15.2],[19.8,-15.4],[19.6,-15.3],[19.3,-20.4],[18.4,-36.3],[17.1,-51.5],[16.75,-54.75],[15.9,-59.55],[13.8,-64],[13.5,-64.1],[13.4,-63.8],[14.9,-57.4],[15.1,-49.6],[14.6,-52.5],[12.8,-63.3],[10.2,-64.4],[7.4,-65.3],[6.4,-65.4],[2.9,-64.1],[1.7,-60.7],[3.6,-38.5],[4.2,-32.4],[5.8,-18.2],[5.7,-14.3],[5.5,-6.5],[5.4,-3.6],[6.55,-0.75],[9.5,0.4],[10.4,0.3],[36.9,-3.2]],"c":true},"ix":2},"nm":"l","mn":"ADBE Vector Shape - Group","hd":false},{"ind":1,"ty":"sh","ix":2,"ks":{"a":0,"k":{"i":[[0,0],[0.1,0.534],[0,0.6],[-1,0.4],[-0.467,0],[0,0],[0,0],[0,-1.466],[-0.134,-1.866],[0,0],[0,0],[0,0],[0.266,3.134]],"o":[[0,-0.466],[-0.1,-0.533],[0,-1.4],[0.533,-0.2],[0,0],[0,0],[-0.267,1],[0,1.334],[0,0],[0,0],[0,0],[-0.4,-6.266],[0,0]],"v":[[3.8,-57.3],[3.65,-58.8],[3.5,-60.5],[5,-63.2],[6.5,-63.5],[6,-62.5],[5.7,-59.1],[5.3,-55.4],[5.5,-50.6],[5.8,-35.9],[5.8,-30.4],[5.3,-37.7],[4.3,-51.8]],"c":true},"ix":2},"nm":"l","mn":"ADBE Vector Shape - Group","hd":false},{"ind":2,"ty":"sh","ix":3,"ks":{"a":0,"k":{"i":[[-4.4,-0.267],[-0.167,0.233],[0,0.266],[0.666,0],[5.733,-0.466],[3.6,-0.4],[1.766,-0.234],[1.2,-0.6],[-0.134,0],[0,0],[-1.867,0.266],[-1.067,0.133],[-2.667,0.066],[-1.4,0]],"o":[[0.333,0.066],[0.166,-0.234],[0,-0.8],[-5.667,-0.066],[-1.467,0.134],[-0.534,0.066],[-1.767,0.233],[-0.134,0.133],[0,0],[1,0],[0.666,-0.134],[2.733,-0.334],[2.933,-0.134],[2.2,0]],"v":[[42.7,1.2],[43.45,0.95],[43.7,0.2],[42.7,-1],[25.6,-0.4],[18,0.4],[14.55,0.85],[10.1,2.1],[10.1,2.3],[11.3,2.4],[15.6,2],[18.2,1.6],[26.3,1],[32.8,0.8]],"c":true},"ix":2},"nm":"l","mn":"ADBE Vector Shape - Group","hd":false}],"nm":"l","np":6,"cix":2,"bm":0,"ix":1,"mn":"ADBE Vector Group","hd":false}]},"fFamily":"Sprite Graffiti"},{"ch":"c","size":287,"style":"Regular","w":55,"data":{"shapes":[{"ty":"gr","it":[{"ind":0,"ty":"sh","ix":1,"ks":{"a":0,"k":{"i":[[1.6,2.534],[0.933,0.534],[1,0],[0.933,-0.533],[0,-2.266],[-0.467,-0.933],[0,-2.4],[1.4,-2.533],[1.133,-1.066],[3.866,-0.133],[0,0],[2.466,7.6],[-0.067,2.2],[-0.067,0.334],[-0.034,0.2],[-0.067,0.267],[-6.4,4.934],[0,0],[0,0],[-0.034,-1.133],[-0.167,-1.266],[-0.534,-1.2],[-1.067,-0.7],[-1.2,0],[-0.334,0.267],[0,0.4],[0.266,0.3],[0.4,0],[0,0],[0.8,1.034],[0.4,1.467],[0,0],[0,0],[-0.2,-0.333],[-1.2,-0.333],[-0.167,-0.033],[-0.134,0.067],[-0.334,-0.2],[-0.3,0.134],[-0.067,0.267],[0,0.334],[0,0],[0,1.2],[0,0],[0,5],[-0.067,0.467],[0,0],[0.333,0.6],[0.8,0.667],[1.2,0],[1.866,-1.133],[1.933,-1.4],[2.066,-2.066],[1.533,-2.066],[0.134,-8.466],[-0.466,-2.466],[-3,-3.466],[-4.134,-1.666],[-3.067,0],[-2.867,1.034],[-2.334,1.867],[-1.6,6.2],[0,2.6]],"o":[[-0.6,-0.866],[-0.934,-0.533],[-0.934,0],[-1.867,1],[0,1.134],[0.533,1.267],[0,3.8],[-0.6,1.134],[-2.734,2.4],[0,0],[-5.467,-0.333],[-0.734,-2.4],[0,-0.733],[0,-0.266],[0.033,-0.2],[1.666,-8.733],[0,0],[0,0],[0,0.4],[0.033,1.134],[0.166,1.267],[0.533,1.134],[1.066,0.7],[0.666,0],[0.333,-0.266],[0,-0.4],[-0.267,-0.3],[0,0],[-1.267,0.2],[-0.8,-1.033],[0,0],[0,0],[0.333,0.934],[0.666,1.4],[0.066,0],[0.166,0.034],[0.066,0.134],[0.266,0.134],[0.3,-0.133],[0.133,-0.8],[0,0],[-0.134,-2.133],[0,0],[-0.067,-1.2],[0,-3.133],[0,0],[0,-0.933],[0,-0.933],[-0.8,-0.666],[-2.2,0],[-2.067,1.2],[-2,1.4],[-2.067,2.067],[-3.934,5.067],[0,1.867],[0.933,4.334],[3,3.467],[2.6,1.067],[3,0],[2.866,-1.033],[3.733,-2.933],[0.866,-3.333],[0,-3.666]],"v":[[48.2,-37.9],[45.9,-40],[43,-40.8],[40.2,-40],[37.4,-35.1],[38.1,-32],[38.9,-26.5],[36.8,-17],[34.2,-13.7],[24.3,-9.9],[23,-10],[11.1,-21.9],[10.1,-28.8],[10.2,-30.4],[10.25,-31.1],[10.4,-31.8],[22.5,-52.3],[23.8,-53.2],[24.4,-33.9],[24.45,-31.6],[24.75,-28],[25.8,-24.3],[28.2,-21.55],[31.6,-20.5],[33.1,-20.9],[33.6,-21.9],[33.2,-22.95],[32.2,-23.4],[31.8,-23.4],[28.7,-24.65],[26.9,-28.4],[26.9,-28.7],[27.2,-28.7],[28,-26.8],[30.8,-24.2],[31.15,-24.15],[31.6,-24.2],[32.2,-23.7],[33.05,-23.7],[33.6,-24.3],[33.8,-26],[33.7,-28.4],[33.5,-33.4],[33.2,-42.9],[33.1,-52.2],[33.2,-57.6],[33.3,-59.2],[32.8,-61.5],[31.6,-63.9],[28.6,-64.9],[22.5,-63.2],[16.5,-59.3],[10.4,-54.1],[5,-47.9],[-1.1,-27.6],[-0.4,-21.1],[5.5,-9.4],[16.2,-1.7],[24.7,-0.1],[33.5,-1.65],[41.3,-6],[49.3,-19.7],[50.6,-28.6]],"c":true},"ix":2},"nm":"c","mn":"ADBE Vector Shape - Group","hd":false},{"ind":1,"ty":"sh","ix":2,"ks":{"a":0,"k":{"i":[[0,0],[0,-2.733],[-0.067,-1.133],[0,0],[0,0]],"o":[[-0.134,1.334],[0,2.2],[0,0],[0,0],[0,0]],"v":[[25.8,-54.6],[25.6,-48.5],[25.7,-43.5],[25.2,-43.5],[24.2,-53.5]],"c":true},"ix":2},"nm":"c","mn":"ADBE Vector Shape - Group","hd":false}],"nm":"c","np":5,"cix":2,"bm":0,"ix":1,"mn":"ADBE Vector Group","hd":false}]},"fFamily":"Sprite Graffiti"},{"ch":"o","size":287,"style":"Regular","w":42,"data":{"shapes":[{"ty":"gr","it":[{"ind":0,"ty":"sh","ix":1,"ks":{"a":0,"k":{"i":[[0.733,4.267],[0.733,2.4],[1.8,3.467],[0.666,0],[0.133,-0.066],[0.933,0.6],[1,0],[0.8,-0.133],[1.6,-0.6],[2,-4.4],[0.166,0.034],[0.133,-0.066],[-0.334,0.734],[-0.8,1.334],[0.066,0.034],[0.066,-0.133],[1,-2.666],[0,0],[0,-10.066],[-0.534,-3.4],[-3.867,-3.333],[-2.867,0],[-0.8,0.134],[0,0],[0,0],[-2,2],[-1.2,1.667],[-0.667,2.667],[-0.334,3.4],[0,1.4]],"o":[[-0.6,-3.666],[-0.734,-2.133],[-0.4,-0.6],[-0.334,0],[-1.067,-1.933],[-0.667,-0.4],[-0.4,0],[-1,-0.066],[-2.867,0.6],[-0.067,0],[-0.167,-0.033],[0.533,-1.466],[0.266,-0.666],[0.066,-0.133],[-0.067,-0.033],[-1.667,2.134],[0,0],[-4.867,8.2],[0,3.134],[1.266,7.267],[2.466,2],[0.333,0],[0,0],[0,0],[2.666,-0.4],[1.266,-1.066],[1.466,-2.133],[0.666,-2.666],[0.266,-2.933],[0,-3.866]],"v":[[37.8,-42.9],[35.8,-52],[32,-60.4],[30.4,-61.3],[29.7,-61.2],[26.7,-65],[24.2,-65.6],[22.4,-65.4],[18.5,-64.6],[11.2,-57.1],[10.85,-57.15],[10.4,-57.1],[11.7,-60.4],[13.3,-63.4],[13.3,-63.65],[13.1,-63.5],[9.1,-56.3],[8.9,-56.1],[1.6,-28.7],[2.4,-18.9],[10.1,-3],[18.1,0],[19.8,-0.2],[21.5,-0.1],[23.1,-0.2],[30.1,-3.8],[33.8,-7.9],[37,-15.1],[38.5,-24.2],[38.9,-30.7]],"c":true},"ix":2},"nm":"o","mn":"ADBE Vector Shape - Group","hd":false},{"ind":1,"ty":"sh","ix":2,"ks":{"a":0,"k":{"i":[[1.533,-4.266],[0.666,-1.266],[1.133,-0.4],[0.666,0],[1.366,1.234],[0.8,1.734],[-0.867,0],[-0.2,0.067],[-0.334,0.267],[-0.267,6.4],[-0.267,1.534],[0,0],[-1.8,3.534],[-0.334,0.2],[0,-8.8],[-1.2,-5.666],[0,0.667],[0.066,0.2],[0,4.467],[-0.4,3.267],[-1.2,4],[-0.4,0.734],[0,0],[0,0],[-0.534,-1.2],[-0.8,-2.4],[0,0],[-0.4,-5.466],[0,0]],"o":[[-0.267,1],[-0.667,1.2],[-0.4,0.134],[-1.667,0],[-1.367,-1.233],[0.8,0.467],[0.466,0],[0.4,-0.066],[-1.6,-7],[0.266,-3.066],[0,0],[0.866,-4.4],[0.6,-1.066],[-3.267,6.934],[0,5.067],[0.333,-0.666],[0,-0.466],[-0.667,-3.933],[0,-3.333],[0.466,-3.4],[0.466,-1.533],[0,0],[0,0],[0.133,0.267],[0.466,1.134],[0,0],[0.466,2.8],[0,0],[0,5.467]],"v":[[25.3,-13.8],[23.9,-10.4],[21.2,-8],[19.6,-7.8],[15.05,-9.65],[11.8,-14.1],[14.3,-13.4],[15.3,-13.5],[16.4,-14],[14.4,-34.1],[15.2,-41],[15.4,-41.4],[19.4,-53.3],[20.8,-55.2],[15.9,-31.6],[17.7,-15.5],[18.2,-17.5],[18.1,-18.5],[17.1,-31.1],[17.7,-41],[20.2,-52.1],[21.5,-55.5],[22,-55.5],[22.4,-55.3],[23.4,-53.1],[25.3,-47.8],[26.1,-43.4],[27.4,-31],[27.6,-28.4]],"c":true},"ix":2},"nm":"o","mn":"ADBE Vector Shape - Group","hd":false}],"nm":"o","np":5,"cix":2,"bm":0,"ix":1,"mn":"ADBE Vector Group","hd":false}]},"fFamily":"Sprite Graffiti"},{"ch":"m","size":287,"style":"Regular","w":61,"data":{"shapes":[{"ty":"gr","it":[{"ind":0,"ty":"sh","ix":1,"ks":{"a":0,"k":{"i":[[0,2.534],[0.8,3.467],[0,0],[0.733,3.934],[0.2,0.734],[0.4,2.134],[0.733,3],[2.733,2.734],[1,0],[0.733,-0.533],[0.933,0],[0.6,-0.2],[0.5,-0.433],[0.066,-0.466],[0.733,-3.533],[0.8,-3.333],[0,0],[0,0],[1.933,11.8],[0.266,1.534],[0.066,1.2],[0.6,0.734],[0.733,0.6],[0.933,0.2],[0.533,0],[0.933,-0.666],[0,-1.133],[0.066,-0.933],[-0.067,-1.333],[0,0],[0,0],[0.1,0.734],[0.066,0],[0.4,2.6],[0.333,0],[0.066,-0.266],[0,-3.6],[0,0],[0,-1.733],[-0.2,-5.933],[-0.734,-5.533],[-0.234,-1.033],[-0.8,-0.8],[-0.934,0],[-0.534,0.134],[0,0],[-0.4,0],[-0.4,0.133],[-0.267,1.267],[0.066,2.2],[0.4,8.134],[-0.4,-1.066],[-1.067,-3.866],[0,0],[-0.6,-1],[-0.2,-0.066],[-0.134,0.134],[-0.6,0],[-0.6,0.134],[-0.4,0.467],[-0.267,0.8],[-0.2,1.134],[-0.1,0],[-0.067,0.2],[-1.6,6.867],[-2.4,7],[-0.667,-2.8],[-0.2,-8.533],[-0.767,-0.9],[-1.2,-0.266],[-1.067,0],[-0.867,0.566],[-0.534,0.867]],"o":[[0,-1.8],[0,0],[-0.534,-2.6],[-0.467,-2.2],[-0.134,-1.333],[-1.067,-6],[-1.134,-4.733],[-0.6,-0.666],[-0.867,0],[-0.8,-0.466],[-0.6,0],[-0.534,0.134],[-0.5,0.434],[-0.4,2.934],[-0.734,3.534],[0,0],[0,0],[-2.2,-9.6],[-0.134,-0.666],[-0.267,-1.533],[-0.134,-1.066],[-0.334,-0.933],[-0.734,-0.6],[-0.6,-0.2],[-1.267,0],[-1.134,0.667],[-0.4,0.867],[-0.067,0.934],[0,0],[0,0],[-0.067,0],[-0.1,-0.733],[-0.134,-6],[-0.067,-0.266],[-0.334,0],[-0.534,2.734],[0,0],[0.066,0.934],[0,5.934],[0.133,5.934],[0.266,1.934],[0.233,1.034],[0.6,0.6],[0.266,0],[0,0],[0.2,0.266],[0.133,0],[1.4,-0.6],[0.266,-1.266],[-0.2,-8.933],[0.133,0.6],[0.666,2.8],[0,0],[0.533,2],[0.066,0.2],[0.2,0.067],[0.333,0.267],[0.266,0.2],[0.733,-0.2],[0.4,-0.466],[0.266,-0.8],[0,0.134],[0.1,0],[0.733,-3.733],[1.8,-7.2],[1.2,5.6],[2.133,8.467],[0,1.2],[0.766,0.9],[0.866,0.866],[0.933,0],[0.866,-0.566],[1,-1.8]],"v":[[60.3,-8.5],[59.1,-16.4],[58.6,-18.9],[56.7,-28.7],[55.7,-33.1],[54.9,-38.3],[52.2,-51.8],[46.4,-63],[44,-64],[41.6,-63.2],[39,-63.9],[37.2,-63.6],[35.65,-62.75],[34.8,-61.4],[33.1,-51.7],[30.8,-41.4],[29.5,-35.5],[25.7,-18.7],[19.5,-50.8],[18.9,-54.1],[18.4,-58.2],[17.3,-60.9],[15.7,-63.2],[13.2,-64.4],[11.5,-64.7],[8.2,-63.7],[6.5,-61],[5.8,-58.3],[5.8,-54.9],[5.9,-47.8],[5.9,-45.5],[5.65,-46.6],[5.4,-47.7],[4.6,-60.6],[4,-61],[3.4,-60.6],[2.6,-51.1],[2.7,-47.2],[2.8,-43.2],[3.1,-25.4],[4.4,-8.2],[5.15,-3.75],[6.7,-1],[9,-0.1],[10.2,-0.3],[10.5,0.1],[11.4,0.5],[12.2,0.3],[14.7,-2.5],[15,-7.7],[14.1,-33.3],[14.9,-30.8],[17.5,-20.8],[21.8,-5.5],[23.5,-1],[23.9,-0.6],[24.4,-0.7],[25.8,-0.3],[27.1,-0.2],[28.8,-1.2],[29.8,-3.1],[30.5,-6],[30.65,-5.8],[30.9,-6.1],[34.4,-22],[40.7,-43.3],[43.5,-30.7],[47,-5.2],[48.15,-2.05],[51.1,-0.3],[54,1],[56.7,0.15],[58.8,-2]],"c":true},"ix":2},"nm":"m","mn":"ADBE Vector Shape - Group","hd":false},{"ind":1,"ty":"sh","ix":2,"ks":{"a":0,"k":{"i":[[0.133,0.267],[0.133,0.134],[1.666,6.667],[0,0],[-0.4,0.267],[-0.267,-2],[-0.734,-3.8],[0.166,0.5]],"o":[[0,-0.2],[-1.134,-5.533],[0,0],[0.533,-0.133],[0.266,1.067],[1.4,7.867],[-0.267,-0.266],[-0.167,-0.5]],"v":[[18.7,-37.4],[18.5,-37.9],[14.3,-56.2],[14.4,-56.6],[15.8,-57.2],[16.6,-52.6],[19.8,-35.1],[19.15,-36.25]],"c":true},"ix":2},"nm":"m","mn":"ADBE Vector Shape - Group","hd":false},{"ind":2,"ty":"sh","ix":3,"ks":{"a":0,"k":{"i":[[1.733,-7.4],[0,0],[0.066,0.067],[-0.134,1],[-2,5.934],[0,0]],"o":[[0,0],[-0.134,0],[0.4,-2],[1.733,-7.466],[0,0],[-2.6,7.734]],"v":[[33.9,-22.2],[33.8,-22.2],[33.5,-22.3],[34.3,-26.8],[39.9,-46.9],[40.4,-44.9]],"c":true},"ix":2},"nm":"m","mn":"ADBE Vector Shape - Group","hd":false}],"nm":"m","np":6,"cix":2,"bm":0,"ix":1,"mn":"ADBE Vector Group","hd":false}]},"fFamily":"Sprite Graffiti"},{"ch":"!","size":287,"style":"Regular","w":32.2,"data":{"shapes":[{"ty":"gr","it":[{"ind":0,"ty":"sh","ix":1,"ks":{"a":0,"k":{"i":[[0,0],[0,0],[0.133,1.2],[0.266,4.734],[0,0],[0.2,2.734],[0.166,0.1],[0.133,0],[0.133,-0.4],[0,0],[0.133,0.934],[0.733,0.267],[0.533,0],[0.466,0],[0,0],[0.466,-0.666],[0,0],[0,-0.133],[0.066,-0.266],[0.266,-9],[0.133,-1.733],[0.066,-2],[0,-2.6],[-0.067,-1.2],[-0.667,0],[0,0],[0,0],[-0.934,-0.333],[0,0],[-0.267,0.334],[-0.734,0.734],[-0.8,0],[-0.267,-0.066]],"o":[[0,0],[0,-0.533],[-0.2,-2.133],[0,0],[-0.134,-5.6],[0,-0.2],[-0.167,-0.1],[-0.334,0],[0,0],[0,-0.4],[0,-0.666],[-0.2,-0.4],[-0.934,0.134],[0,0],[-0.667,-0.133],[0,0],[0.133,0.267],[-0.2,0.067],[-0.2,4.734],[0,0.8],[-0.067,1.334],[-0.067,2],[0,2.334],[0.133,0.734],[0,0],[0,0],[0.4,1],[0,0],[0.733,-0.266],[-0.134,-2.2],[0.4,-0.4],[0.466,0],[0,0]],"v":[[23.7,-32.5],[23.5,-35.2],[23.3,-37.8],[22.6,-48.1],[22.3,-55.6],[21.8,-68.1],[21.55,-68.55],[21.1,-68.7],[20.4,-68.1],[20.1,-65.5],[19.9,-67.5],[18.8,-68.9],[17.7,-69.5],[15.6,-69.3],[15,-69.3],[13.3,-68.5],[13.3,-68.1],[13.5,-67.5],[13.1,-67],[12.4,-46.4],[12.2,-42.6],[12,-37.6],[11.9,-30.7],[12,-25.4],[13.2,-24.3],[13.6,-24.4],[13.8,-22.3],[15.8,-20.3],[18.4,-20.1],[19.9,-21],[20.8,-25.4],[22.6,-26],[23.7,-25.9]],"c":true},"ix":2},"nm":"!","mn":"ADBE Vector Shape - Group","hd":false},{"ind":1,"ty":"sh","ix":2,"ks":{"a":0,"k":{"i":[[1.2,0],[1.4,-1.466],[0.366,-0.333],[0,-0.533],[-0.067,-0.2],[0.066,-0.266],[0,-0.333],[-0.667,-0.533],[-1.4,0],[-0.867,0.334],[0,0],[0,2],[0.9,0.9]],"o":[[-1.734,-0.066],[-0.6,0],[-0.367,0.334],[0,0.334],[0,0.067],[-0.067,0.267],[0,0.8],[1.133,0.867],[0.8,0],[0,0],[2.333,-0.733],[0,-1.2],[-0.9,-0.9]],"v":[[21.1,-16.4],[16.4,-14.3],[14.95,-13.8],[14.4,-12.5],[14.5,-11.7],[14.4,-11.2],[14.3,-10.3],[15.3,-8.3],[19.1,-7],[21.6,-7.5],[22.1,-7.8],[25.6,-11.9],[24.25,-15.05]],"c":true},"ix":2},"nm":"!","mn":"ADBE Vector Shape - Group","hd":false}],"nm":"!","np":5,"cix":2,"bm":0,"ix":1,"mn":"ADBE Vector Group","hd":false}]},"fFamily":"Sprite Graffiti"}]}